{
    "rmse": 0.26645127448687717,
    "mae": 0.21610559824022516,
    "r2": 0.8301898950829418
}