{
    "Ram":
    {"min":2.0,"max":64.0},
    
    "Weight":
    {"min":0.69,"max":4.7},
    
    "Price":
    {"min":9270.72,"max":324954.72},
    
    "TouchScreen":
    {"min":0.0,"max":1.0},
    
    "IPS":
    {"min":0.0,"max":1.0},
    
    "PPI":
    {"min":90.5834017245,"max":352.4651472132},
    
    "HDD":{"min":0.0,"max":2000.0},
    
    "SSD":{"min":0.0,"max":1024.0}}